"Username","Password","First Name","Last Name","Email","Role","Society Abbreviations"
"a.zelinsky",,"Alex","Zelinsky","alex.zelinsky@csiro.au","society_manager","RA"
"d.roman",,"Dan","Roman","dan.roman@ieee.org","society_manager","PSE"
"d.zeng",,"Daniel","Zeng","zeng@eller.arizona.edu","society_manager","ITS"
"k.fowler",,"Kim","Fowler"," kimf@ieee.org","society_manager","IM"
"k.sarabandi",,"Kamal","Sarabandi","saraband@eecs.umich.edu","society_manager","GRS"
"m.garvey",,"Michael","Garvey","rmgarvey@datum.com","society_manager","UFFC"
"m.martini",,"Marianna","Martini","m_martini@comcast.net","society_manager","OE"
"m.setti",,"Metin","Setti","sitti@cmu.edu","society_manager","NANO"
"s.jodhakhalsa",,"Siri","Jodha Khalsa","sjsk@nsidc.org","society_manager","ICEO"
